<PAMDataset>
  <Metadata>
    <MDI key="DataType">Generic</MDI>
  </Metadata>
  <Metadata domain="Esri">
    <MDI key="PyramidResamplingType">NEAREST</MDI>
  </Metadata>
  <PAMRasterBand band="1">
    <Histograms>
      <HistItem>
        <HistMin>-0.5</HistMin>
        <HistMax>254.5</HistMax>
        <BucketCount>255</BucketCount>
        <IncludeOutOfRange>1</IncludeOutOfRange>
        <Approximate>0</Approximate>
        <HistCounts>484|24|18|16|24|21|21|23|23|31|20|30|25|23|21|29|25|20|27|29|27|32|34|19|30|21|17|30|23|25|29|45|20|24|31|24|19|21|32|18|21|33|26|35|31|31|36|38|36|30|24|30|29|34|28|33|29|34|26|35|25|31|47|45|35|41|40|53|36|35|31|35|40|31|38|43|46|42|55|39|41|48|48|62|64|41|57|55|68|69|39|61|60|71|66|65|66|77|82|91|98|88|88|99|96|103|106|97|108|108|122|129|115|143|180|153|166|174|176|218|194|211|262|280|286|293|258|350|349|365|455|472|538|540|678|725|810|873|964|1162|1180|1453|1677|1726|2113|2447|2734|3053|3093|3604|4022|4236|4482|5121|5796|6061|6667|7305|8063|8610|9313|9812|10777|11902|13034|14080|15651|17142|18619|20256|21973|22934|23911|25340|26552|27937|28588|30359|31919|32420|34833|31653|31022|28980|28380|28359|27986|28138|27950|27287|25703|23989|21968|19806|17867|15797|13767|12101|10242|9360|7940|6931|6048|5099|4380|3751|3104|2794|2306|1973|1701|1419|1164|1018|791|726|609|619|549|526|494|404|366|390|338|298|260|307|290|271|253|237|200|185|149|128|114|108|86|64|62|69|83|86|74|71|77|73|63|80|103|110|118|95|113</HistCounts>
      </HistItem>
    </Histograms>
    <GDALRasterAttributeTable>
      <FieldDefn index="0">
        <Name>Rowid</Name>
        <Type>0</Type>
        <Usage>0</Usage>
      </FieldDefn>
      <FieldDefn index="1">
        <Name>VALUE</Name>
        <Type>0</Type>
        <Usage>0</Usage>
      </FieldDefn>
      <FieldDefn index="2">
        <Name>COUNT</Name>
        <Type>0</Type>
        <Usage>0</Usage>
      </FieldDefn>
      <Row index="0">
        <F>0</F>
        <F>0</F>
        <F>484</F>
      </Row>
      <Row index="1">
        <F>1</F>
        <F>1</F>
        <F>24</F>
      </Row>
      <Row index="2">
        <F>2</F>
        <F>2</F>
        <F>18</F>
      </Row>
      <Row index="3">
        <F>3</F>
        <F>3</F>
        <F>16</F>
      </Row>
      <Row index="4">
        <F>4</F>
        <F>4</F>
        <F>24</F>
      </Row>
      <Row index="5">
        <F>5</F>
        <F>5</F>
        <F>21</F>
      </Row>
      <Row index="6">
        <F>6</F>
        <F>6</F>
        <F>21</F>
      </Row>
      <Row index="7">
        <F>7</F>
        <F>7</F>
        <F>23</F>
      </Row>
      <Row index="8">
        <F>8</F>
        <F>8</F>
        <F>23</F>
      </Row>
      <Row index="9">
        <F>9</F>
        <F>9</F>
        <F>31</F>
      </Row>
      <Row index="10">
        <F>10</F>
        <F>10</F>
        <F>20</F>
      </Row>
      <Row index="11">
        <F>11</F>
        <F>11</F>
        <F>30</F>
      </Row>
      <Row index="12">
        <F>12</F>
        <F>12</F>
        <F>25</F>
      </Row>
      <Row index="13">
        <F>13</F>
        <F>13</F>
        <F>23</F>
      </Row>
      <Row index="14">
        <F>14</F>
        <F>14</F>
        <F>21</F>
      </Row>
      <Row index="15">
        <F>15</F>
        <F>15</F>
        <F>29</F>
      </Row>
      <Row index="16">
        <F>16</F>
        <F>16</F>
        <F>25</F>
      </Row>
      <Row index="17">
        <F>17</F>
        <F>17</F>
        <F>20</F>
      </Row>
      <Row index="18">
        <F>18</F>
        <F>18</F>
        <F>27</F>
      </Row>
      <Row index="19">
        <F>19</F>
        <F>19</F>
        <F>29</F>
      </Row>
      <Row index="20">
        <F>20</F>
        <F>20</F>
        <F>27</F>
      </Row>
      <Row index="21">
        <F>21</F>
        <F>21</F>
        <F>32</F>
      </Row>
      <Row index="22">
        <F>22</F>
        <F>22</F>
        <F>34</F>
      </Row>
      <Row index="23">
        <F>23</F>
        <F>23</F>
        <F>19</F>
      </Row>
      <Row index="24">
        <F>24</F>
        <F>24</F>
        <F>30</F>
      </Row>
      <Row index="25">
        <F>25</F>
        <F>25</F>
        <F>21</F>
      </Row>
      <Row index="26">
        <F>26</F>
        <F>26</F>
        <F>17</F>
      </Row>
      <Row index="27">
        <F>27</F>
        <F>27</F>
        <F>30</F>
      </Row>
      <Row index="28">
        <F>28</F>
        <F>28</F>
        <F>23</F>
      </Row>
      <Row index="29">
        <F>29</F>
        <F>29</F>
        <F>25</F>
      </Row>
      <Row index="30">
        <F>30</F>
        <F>30</F>
        <F>29</F>
      </Row>
      <Row index="31">
        <F>31</F>
        <F>31</F>
        <F>45</F>
      </Row>
      <Row index="32">
        <F>32</F>
        <F>32</F>
        <F>20</F>
      </Row>
      <Row index="33">
        <F>33</F>
        <F>33</F>
        <F>24</F>
      </Row>
      <Row index="34">
        <F>34</F>
        <F>34</F>
        <F>31</F>
      </Row>
      <Row index="35">
        <F>35</F>
        <F>35</F>
        <F>24</F>
      </Row>
      <Row index="36">
        <F>36</F>
        <F>36</F>
        <F>19</F>
      </Row>
      <Row index="37">
        <F>37</F>
        <F>37</F>
        <F>21</F>
      </Row>
      <Row index="38">
        <F>38</F>
        <F>38</F>
        <F>32</F>
      </Row>
      <Row index="39">
        <F>39</F>
        <F>39</F>
        <F>18</F>
      </Row>
      <Row index="40">
        <F>40</F>
        <F>40</F>
        <F>21</F>
      </Row>
      <Row index="41">
        <F>41</F>
        <F>41</F>
        <F>33</F>
      </Row>
      <Row index="42">
        <F>42</F>
        <F>42</F>
        <F>26</F>
      </Row>
      <Row index="43">
        <F>43</F>
        <F>43</F>
        <F>35</F>
      </Row>
      <Row index="44">
        <F>44</F>
        <F>44</F>
        <F>31</F>
      </Row>
      <Row index="45">
        <F>45</F>
        <F>45</F>
        <F>31</F>
      </Row>
      <Row index="46">
        <F>46</F>
        <F>46</F>
        <F>36</F>
      </Row>
      <Row index="47">
        <F>47</F>
        <F>47</F>
        <F>38</F>
      </Row>
      <Row index="48">
        <F>48</F>
        <F>48</F>
        <F>36</F>
      </Row>
      <Row index="49">
        <F>49</F>
        <F>49</F>
        <F>30</F>
      </Row>
      <Row index="50">
        <F>50</F>
        <F>50</F>
        <F>24</F>
      </Row>
      <Row index="51">
        <F>51</F>
        <F>51</F>
        <F>30</F>
      </Row>
      <Row index="52">
        <F>52</F>
        <F>52</F>
        <F>29</F>
      </Row>
      <Row index="53">
        <F>53</F>
        <F>53</F>
        <F>34</F>
      </Row>
      <Row index="54">
        <F>54</F>
        <F>54</F>
        <F>28</F>
      </Row>
      <Row index="55">
        <F>55</F>
        <F>55</F>
        <F>33</F>
      </Row>
      <Row index="56">
        <F>56</F>
        <F>56</F>
        <F>29</F>
      </Row>
      <Row index="57">
        <F>57</F>
        <F>57</F>
        <F>34</F>
      </Row>
      <Row index="58">
        <F>58</F>
        <F>58</F>
        <F>26</F>
      </Row>
      <Row index="59">
        <F>59</F>
        <F>59</F>
        <F>35</F>
      </Row>
      <Row index="60">
        <F>60</F>
        <F>60</F>
        <F>25</F>
      </Row>
      <Row index="61">
        <F>61</F>
        <F>61</F>
        <F>31</F>
      </Row>
      <Row index="62">
        <F>62</F>
        <F>62</F>
        <F>47</F>
      </Row>
      <Row index="63">
        <F>63</F>
        <F>63</F>
        <F>45</F>
      </Row>
      <Row index="64">
        <F>64</F>
        <F>64</F>
        <F>35</F>
      </Row>
      <Row index="65">
        <F>65</F>
        <F>65</F>
        <F>41</F>
      </Row>
      <Row index="66">
        <F>66</F>
        <F>66</F>
        <F>40</F>
      </Row>
      <Row index="67">
        <F>67</F>
        <F>67</F>
        <F>53</F>
      </Row>
      <Row index="68">
        <F>68</F>
        <F>68</F>
        <F>36</F>
      </Row>
      <Row index="69">
        <F>69</F>
        <F>69</F>
        <F>35</F>
      </Row>
      <Row index="70">
        <F>70</F>
        <F>70</F>
        <F>31</F>
      </Row>
      <Row index="71">
        <F>71</F>
        <F>71</F>
        <F>35</F>
      </Row>
      <Row index="72">
        <F>72</F>
        <F>72</F>
        <F>40</F>
      </Row>
      <Row index="73">
        <F>73</F>
        <F>73</F>
        <F>31</F>
      </Row>
      <Row index="74">
        <F>74</F>
        <F>74</F>
        <F>38</F>
      </Row>
      <Row index="75">
        <F>75</F>
        <F>75</F>
        <F>43</F>
      </Row>
      <Row index="76">
        <F>76</F>
        <F>76</F>
        <F>46</F>
      </Row>
      <Row index="77">
        <F>77</F>
        <F>77</F>
        <F>42</F>
      </Row>
      <Row index="78">
        <F>78</F>
        <F>78</F>
        <F>55</F>
      </Row>
      <Row index="79">
        <F>79</F>
        <F>79</F>
        <F>39</F>
      </Row>
      <Row index="80">
        <F>80</F>
        <F>80</F>
        <F>41</F>
      </Row>
      <Row index="81">
        <F>81</F>
        <F>81</F>
        <F>48</F>
      </Row>
      <Row index="82">
        <F>82</F>
        <F>82</F>
        <F>48</F>
      </Row>
      <Row index="83">
        <F>83</F>
        <F>83</F>
        <F>62</F>
      </Row>
      <Row index="84">
        <F>84</F>
        <F>84</F>
        <F>64</F>
      </Row>
      <Row index="85">
        <F>85</F>
        <F>85</F>
        <F>41</F>
      </Row>
      <Row index="86">
        <F>86</F>
        <F>86</F>
        <F>57</F>
      </Row>
      <Row index="87">
        <F>87</F>
        <F>87</F>
        <F>55</F>
      </Row>
      <Row index="88">
        <F>88</F>
        <F>88</F>
        <F>68</F>
      </Row>
      <Row index="89">
        <F>89</F>
        <F>89</F>
        <F>69</F>
      </Row>
      <Row index="90">
        <F>90</F>
        <F>90</F>
        <F>39</F>
      </Row>
      <Row index="91">
        <F>91</F>
        <F>91</F>
        <F>61</F>
      </Row>
      <Row index="92">
        <F>92</F>
        <F>92</F>
        <F>60</F>
      </Row>
      <Row index="93">
        <F>93</F>
        <F>93</F>
        <F>71</F>
      </Row>
      <Row index="94">
        <F>94</F>
        <F>94</F>
        <F>66</F>
      </Row>
      <Row index="95">
        <F>95</F>
        <F>95</F>
        <F>65</F>
      </Row>
      <Row index="96">
        <F>96</F>
        <F>96</F>
        <F>66</F>
      </Row>
      <Row index="97">
        <F>97</F>
        <F>97</F>
        <F>77</F>
      </Row>
      <Row index="98">
        <F>98</F>
        <F>98</F>
        <F>82</F>
      </Row>
      <Row index="99">
        <F>99</F>
        <F>99</F>
        <F>91</F>
      </Row>
      <Row index="100">
        <F>100</F>
        <F>100</F>
        <F>98</F>
      </Row>
      <Row index="101">
        <F>101</F>
        <F>101</F>
        <F>88</F>
      </Row>
      <Row index="102">
        <F>102</F>
        <F>102</F>
        <F>88</F>
      </Row>
      <Row index="103">
        <F>103</F>
        <F>103</F>
        <F>99</F>
      </Row>
      <Row index="104">
        <F>104</F>
        <F>104</F>
        <F>96</F>
      </Row>
      <Row index="105">
        <F>105</F>
        <F>105</F>
        <F>103</F>
      </Row>
      <Row index="106">
        <F>106</F>
        <F>106</F>
        <F>106</F>
      </Row>
      <Row index="107">
        <F>107</F>
        <F>107</F>
        <F>97</F>
      </Row>
      <Row index="108">
        <F>108</F>
        <F>108</F>
        <F>108</F>
      </Row>
      <Row index="109">
        <F>109</F>
        <F>109</F>
        <F>108</F>
      </Row>
      <Row index="110">
        <F>110</F>
        <F>110</F>
        <F>122</F>
      </Row>
      <Row index="111">
        <F>111</F>
        <F>111</F>
        <F>129</F>
      </Row>
      <Row index="112">
        <F>112</F>
        <F>112</F>
        <F>115</F>
      </Row>
      <Row index="113">
        <F>113</F>
        <F>113</F>
        <F>143</F>
      </Row>
      <Row index="114">
        <F>114</F>
        <F>114</F>
        <F>180</F>
      </Row>
      <Row index="115">
        <F>115</F>
        <F>115</F>
        <F>153</F>
      </Row>
      <Row index="116">
        <F>116</F>
        <F>116</F>
        <F>166</F>
      </Row>
      <Row index="117">
        <F>117</F>
        <F>117</F>
        <F>174</F>
      </Row>
      <Row index="118">
        <F>118</F>
        <F>118</F>
        <F>176</F>
      </Row>
      <Row index="119">
        <F>119</F>
        <F>119</F>
        <F>218</F>
      </Row>
      <Row index="120">
        <F>120</F>
        <F>120</F>
        <F>194</F>
      </Row>
      <Row index="121">
        <F>121</F>
        <F>121</F>
        <F>211</F>
      </Row>
      <Row index="122">
        <F>122</F>
        <F>122</F>
        <F>262</F>
      </Row>
      <Row index="123">
        <F>123</F>
        <F>123</F>
        <F>280</F>
      </Row>
      <Row index="124">
        <F>124</F>
        <F>124</F>
        <F>286</F>
      </Row>
      <Row index="125">
        <F>125</F>
        <F>125</F>
        <F>293</F>
      </Row>
      <Row index="126">
        <F>126</F>
        <F>126</F>
        <F>258</F>
      </Row>
      <Row index="127">
        <F>127</F>
        <F>127</F>
        <F>350</F>
      </Row>
      <Row index="128">
        <F>128</F>
        <F>128</F>
        <F>349</F>
      </Row>
      <Row index="129">
        <F>129</F>
        <F>129</F>
        <F>365</F>
      </Row>
      <Row index="130">
        <F>130</F>
        <F>130</F>
        <F>455</F>
      </Row>
      <Row index="131">
        <F>131</F>
        <F>131</F>
        <F>472</F>
      </Row>
      <Row index="132">
        <F>132</F>
        <F>132</F>
        <F>538</F>
      </Row>
      <Row index="133">
        <F>133</F>
        <F>133</F>
        <F>540</F>
      </Row>
      <Row index="134">
        <F>134</F>
        <F>134</F>
        <F>678</F>
      </Row>
      <Row index="135">
        <F>135</F>
        <F>135</F>
        <F>725</F>
      </Row>
      <Row index="136">
        <F>136</F>
        <F>136</F>
        <F>810</F>
      </Row>
      <Row index="137">
        <F>137</F>
        <F>137</F>
        <F>873</F>
      </Row>
      <Row index="138">
        <F>138</F>
        <F>138</F>
        <F>964</F>
      </Row>
      <Row index="139">
        <F>139</F>
        <F>139</F>
        <F>1162</F>
      </Row>
      <Row index="140">
        <F>140</F>
        <F>140</F>
        <F>1180</F>
      </Row>
      <Row index="141">
        <F>141</F>
        <F>141</F>
        <F>1453</F>
      </Row>
      <Row index="142">
        <F>142</F>
        <F>142</F>
        <F>1677</F>
      </Row>
      <Row index="143">
        <F>143</F>
        <F>143</F>
        <F>1726</F>
      </Row>
      <Row index="144">
        <F>144</F>
        <F>144</F>
        <F>2113</F>
      </Row>
      <Row index="145">
        <F>145</F>
        <F>145</F>
        <F>2447</F>
      </Row>
      <Row index="146">
        <F>146</F>
        <F>146</F>
        <F>2734</F>
      </Row>
      <Row index="147">
        <F>147</F>
        <F>147</F>
        <F>3053</F>
      </Row>
      <Row index="148">
        <F>148</F>
        <F>148</F>
        <F>3093</F>
      </Row>
      <Row index="149">
        <F>149</F>
        <F>149</F>
        <F>3604</F>
      </Row>
      <Row index="150">
        <F>150</F>
        <F>150</F>
        <F>4022</F>
      </Row>
      <Row index="151">
        <F>151</F>
        <F>151</F>
        <F>4236</F>
      </Row>
      <Row index="152">
        <F>152</F>
        <F>152</F>
        <F>4482</F>
      </Row>
      <Row index="153">
        <F>153</F>
        <F>153</F>
        <F>5121</F>
      </Row>
      <Row index="154">
        <F>154</F>
        <F>154</F>
        <F>5796</F>
      </Row>
      <Row index="155">
        <F>155</F>
        <F>155</F>
        <F>6061</F>
      </Row>
      <Row index="156">
        <F>156</F>
        <F>156</F>
        <F>6667</F>
      </Row>
      <Row index="157">
        <F>157</F>
        <F>157</F>
        <F>7305</F>
      </Row>
      <Row index="158">
        <F>158</F>
        <F>158</F>
        <F>8063</F>
      </Row>
      <Row index="159">
        <F>159</F>
        <F>159</F>
        <F>8610</F>
      </Row>
      <Row index="160">
        <F>160</F>
        <F>160</F>
        <F>9313</F>
      </Row>
      <Row index="161">
        <F>161</F>
        <F>161</F>
        <F>9812</F>
      </Row>
      <Row index="162">
        <F>162</F>
        <F>162</F>
        <F>10777</F>
      </Row>
      <Row index="163">
        <F>163</F>
        <F>163</F>
        <F>11902</F>
      </Row>
      <Row index="164">
        <F>164</F>
        <F>164</F>
        <F>13034</F>
      </Row>
      <Row index="165">
        <F>165</F>
        <F>165</F>
        <F>14080</F>
      </Row>
      <Row index="166">
        <F>166</F>
        <F>166</F>
        <F>15651</F>
      </Row>
      <Row index="167">
        <F>167</F>
        <F>167</F>
        <F>17142</F>
      </Row>
      <Row index="168">
        <F>168</F>
        <F>168</F>
        <F>18619</F>
      </Row>
      <Row index="169">
        <F>169</F>
        <F>169</F>
        <F>20256</F>
      </Row>
      <Row index="170">
        <F>170</F>
        <F>170</F>
        <F>21973</F>
      </Row>
      <Row index="171">
        <F>171</F>
        <F>171</F>
        <F>22934</F>
      </Row>
      <Row index="172">
        <F>172</F>
        <F>172</F>
        <F>23911</F>
      </Row>
      <Row index="173">
        <F>173</F>
        <F>173</F>
        <F>25340</F>
      </Row>
      <Row index="174">
        <F>174</F>
        <F>174</F>
        <F>26552</F>
      </Row>
      <Row index="175">
        <F>175</F>
        <F>175</F>
        <F>27937</F>
      </Row>
      <Row index="176">
        <F>176</F>
        <F>176</F>
        <F>28588</F>
      </Row>
      <Row index="177">
        <F>177</F>
        <F>177</F>
        <F>30359</F>
      </Row>
      <Row index="178">
        <F>178</F>
        <F>178</F>
        <F>31919</F>
      </Row>
      <Row index="179">
        <F>179</F>
        <F>179</F>
        <F>32420</F>
      </Row>
      <Row index="180">
        <F>180</F>
        <F>180</F>
        <F>34833</F>
      </Row>
      <Row index="181">
        <F>181</F>
        <F>181</F>
        <F>31653</F>
      </Row>
      <Row index="182">
        <F>182</F>
        <F>182</F>
        <F>31022</F>
      </Row>
      <Row index="183">
        <F>183</F>
        <F>183</F>
        <F>28980</F>
      </Row>
      <Row index="184">
        <F>184</F>
        <F>184</F>
        <F>28380</F>
      </Row>
      <Row index="185">
        <F>185</F>
        <F>185</F>
        <F>28359</F>
      </Row>
      <Row index="186">
        <F>186</F>
        <F>186</F>
        <F>27986</F>
      </Row>
      <Row index="187">
        <F>187</F>
        <F>187</F>
        <F>28138</F>
      </Row>
      <Row index="188">
        <F>188</F>
        <F>188</F>
        <F>27950</F>
      </Row>
      <Row index="189">
        <F>189</F>
        <F>189</F>
        <F>27287</F>
      </Row>
      <Row index="190">
        <F>190</F>
        <F>190</F>
        <F>25703</F>
      </Row>
      <Row index="191">
        <F>191</F>
        <F>191</F>
        <F>23989</F>
      </Row>
      <Row index="192">
        <F>192</F>
        <F>192</F>
        <F>21968</F>
      </Row>
      <Row index="193">
        <F>193</F>
        <F>193</F>
        <F>19806</F>
      </Row>
      <Row index="194">
        <F>194</F>
        <F>194</F>
        <F>17867</F>
      </Row>
      <Row index="195">
        <F>195</F>
        <F>195</F>
        <F>15797</F>
      </Row>
      <Row index="196">
        <F>196</F>
        <F>196</F>
        <F>13767</F>
      </Row>
      <Row index="197">
        <F>197</F>
        <F>197</F>
        <F>12101</F>
      </Row>
      <Row index="198">
        <F>198</F>
        <F>198</F>
        <F>10242</F>
      </Row>
      <Row index="199">
        <F>199</F>
        <F>199</F>
        <F>9360</F>
      </Row>
      <Row index="200">
        <F>200</F>
        <F>200</F>
        <F>7940</F>
      </Row>
      <Row index="201">
        <F>201</F>
        <F>201</F>
        <F>6931</F>
      </Row>
      <Row index="202">
        <F>202</F>
        <F>202</F>
        <F>6048</F>
      </Row>
      <Row index="203">
        <F>203</F>
        <F>203</F>
        <F>5099</F>
      </Row>
      <Row index="204">
        <F>204</F>
        <F>204</F>
        <F>4380</F>
      </Row>
      <Row index="205">
        <F>205</F>
        <F>205</F>
        <F>3751</F>
      </Row>
      <Row index="206">
        <F>206</F>
        <F>206</F>
        <F>3104</F>
      </Row>
      <Row index="207">
        <F>207</F>
        <F>207</F>
        <F>2794</F>
      </Row>
      <Row index="208">
        <F>208</F>
        <F>208</F>
        <F>2306</F>
      </Row>
      <Row index="209">
        <F>209</F>
        <F>209</F>
        <F>1973</F>
      </Row>
      <Row index="210">
        <F>210</F>
        <F>210</F>
        <F>1701</F>
      </Row>
      <Row index="211">
        <F>211</F>
        <F>211</F>
        <F>1419</F>
      </Row>
      <Row index="212">
        <F>212</F>
        <F>212</F>
        <F>1164</F>
      </Row>
      <Row index="213">
        <F>213</F>
        <F>213</F>
        <F>1018</F>
      </Row>
      <Row index="214">
        <F>214</F>
        <F>214</F>
        <F>791</F>
      </Row>
      <Row index="215">
        <F>215</F>
        <F>215</F>
        <F>726</F>
      </Row>
      <Row index="216">
        <F>216</F>
        <F>216</F>
        <F>609</F>
      </Row>
      <Row index="217">
        <F>217</F>
        <F>217</F>
        <F>619</F>
      </Row>
      <Row index="218">
        <F>218</F>
        <F>218</F>
        <F>549</F>
      </Row>
      <Row index="219">
        <F>219</F>
        <F>219</F>
        <F>526</F>
      </Row>
      <Row index="220">
        <F>220</F>
        <F>220</F>
        <F>494</F>
      </Row>
      <Row index="221">
        <F>221</F>
        <F>221</F>
        <F>404</F>
      </Row>
      <Row index="222">
        <F>222</F>
        <F>222</F>
        <F>366</F>
      </Row>
      <Row index="223">
        <F>223</F>
        <F>223</F>
        <F>390</F>
      </Row>
      <Row index="224">
        <F>224</F>
        <F>224</F>
        <F>338</F>
      </Row>
      <Row index="225">
        <F>225</F>
        <F>225</F>
        <F>298</F>
      </Row>
      <Row index="226">
        <F>226</F>
        <F>226</F>
        <F>260</F>
      </Row>
      <Row index="227">
        <F>227</F>
        <F>227</F>
        <F>307</F>
      </Row>
      <Row index="228">
        <F>228</F>
        <F>228</F>
        <F>290</F>
      </Row>
      <Row index="229">
        <F>229</F>
        <F>229</F>
        <F>271</F>
      </Row>
      <Row index="230">
        <F>230</F>
        <F>230</F>
        <F>253</F>
      </Row>
      <Row index="231">
        <F>231</F>
        <F>231</F>
        <F>237</F>
      </Row>
      <Row index="232">
        <F>232</F>
        <F>232</F>
        <F>200</F>
      </Row>
      <Row index="233">
        <F>233</F>
        <F>233</F>
        <F>185</F>
      </Row>
      <Row index="234">
        <F>234</F>
        <F>234</F>
        <F>149</F>
      </Row>
      <Row index="235">
        <F>235</F>
        <F>235</F>
        <F>128</F>
      </Row>
      <Row index="236">
        <F>236</F>
        <F>236</F>
        <F>114</F>
      </Row>
      <Row index="237">
        <F>237</F>
        <F>237</F>
        <F>108</F>
      </Row>
      <Row index="238">
        <F>238</F>
        <F>238</F>
        <F>86</F>
      </Row>
      <Row index="239">
        <F>239</F>
        <F>239</F>
        <F>64</F>
      </Row>
      <Row index="240">
        <F>240</F>
        <F>240</F>
        <F>62</F>
      </Row>
      <Row index="241">
        <F>241</F>
        <F>241</F>
        <F>69</F>
      </Row>
      <Row index="242">
        <F>242</F>
        <F>242</F>
        <F>83</F>
      </Row>
      <Row index="243">
        <F>243</F>
        <F>243</F>
        <F>86</F>
      </Row>
      <Row index="244">
        <F>244</F>
        <F>244</F>
        <F>74</F>
      </Row>
      <Row index="245">
        <F>245</F>
        <F>245</F>
        <F>71</F>
      </Row>
      <Row index="246">
        <F>246</F>
        <F>246</F>
        <F>77</F>
      </Row>
      <Row index="247">
        <F>247</F>
        <F>247</F>
        <F>73</F>
      </Row>
      <Row index="248">
        <F>248</F>
        <F>248</F>
        <F>63</F>
      </Row>
      <Row index="249">
        <F>249</F>
        <F>249</F>
        <F>80</F>
      </Row>
      <Row index="250">
        <F>250</F>
        <F>250</F>
        <F>103</F>
      </Row>
      <Row index="251">
        <F>251</F>
        <F>251</F>
        <F>110</F>
      </Row>
      <Row index="252">
        <F>252</F>
        <F>252</F>
        <F>118</F>
      </Row>
      <Row index="253">
        <F>253</F>
        <F>253</F>
        <F>95</F>
      </Row>
      <Row index="254">
        <F>254</F>
        <F>254</F>
        <F>113</F>
      </Row>
    </GDALRasterAttributeTable>
    <Metadata>
      <MDI key="STATISTICS_MINIMUM">0</MDI>
      <MDI key="STATISTICS_MAXIMUM">254</MDI>
      <MDI key="STATISTICS_MEAN">178.36135982929</MDI>
      <MDI key="STATISTICS_STDDEV">17.053438255442</MDI>
      <MDI key="STATISTICS_SKIPFACTORX">1</MDI>
      <MDI key="STATISTICS_SKIPFACTORY">1</MDI>
      <MDI key="STATISTICS_EXCLUDEDVALUES"></MDI>
      <MDI key="STATISTICS_COVARIANCES">290.819756332179</MDI>
    </Metadata>
  </PAMRasterBand>
</PAMDataset>
